"datasetKey","n"
"4fa7b334-ce0d-4e88-aaae-2e0c138d049e",387
"50c9509d-22c7-4a22-a47d-8c48425ef4a7",12
"8a863029-f435-446a-821e-275f4f641165",8
"906e6978-e292-4a8b-9c39-adf6bb0f3323",55
"b1047888-ae52-4179-9dd5-5448ea342a24",6
"4fa7b334-ce0d-4e88-aaae-2e0c138d049e",1687
"50c9509d-22c7-4a22-a47d-8c48425ef4a7",143
"6ac3f774-d9fb-4796-b3e9-92bf6c81c084",42
"8a863029-f435-446a-821e-275f4f641165",155
"906e6978-e292-4a8b-9c39-adf6bb0f3323",55
"b1047888-ae52-4179-9dd5-5448ea342a24",5
"4fa7b334-ce0d-4e88-aaae-2e0c138d049e",1491
"50c9509d-22c7-4a22-a47d-8c48425ef4a7",150
"6ac3f774-d9fb-4796-b3e9-92bf6c81c084",30
"8a863029-f435-446a-821e-275f4f641165",238
"906e6978-e292-4a8b-9c39-adf6bb0f3323",74
"b1047888-ae52-4179-9dd5-5448ea342a24",7
"4fa7b334-ce0d-4e88-aaae-2e0c138d049e",2315
"50c9509d-22c7-4a22-a47d-8c48425ef4a7",227
"5ee6244a-a09f-4e5d-9a5f-4fbaada7bac0",1
"6ac3f774-d9fb-4796-b3e9-92bf6c81c084",22
"792a2342-1dbb-459b-84cd-e6eb1f9ba6c9",1
"8a863029-f435-446a-821e-275f4f641165",111
"906e6978-e292-4a8b-9c39-adf6bb0f3323",85
"b1047888-ae52-4179-9dd5-5448ea342a24",14
"4fa7b334-ce0d-4e88-aaae-2e0c138d049e",2700
"50c9509d-22c7-4a22-a47d-8c48425ef4a7",169
"6ac3f774-d9fb-4796-b3e9-92bf6c81c084",5
"8a863029-f435-446a-821e-275f4f641165",122
"906e6978-e292-4a8b-9c39-adf6bb0f3323",81
"b1047888-ae52-4179-9dd5-5448ea342a24",29
"4fa7b334-ce0d-4e88-aaae-2e0c138d049e",822
"50c9509d-22c7-4a22-a47d-8c48425ef4a7",71
"6ac3f774-d9fb-4796-b3e9-92bf6c81c084",3
"8a863029-f435-446a-821e-275f4f641165",17
"906e6978-e292-4a8b-9c39-adf6bb0f3323",49
"b1047888-ae52-4179-9dd5-5448ea342a24",5
"14d5676a-2c54-4f94-9023-1e8dcd822aa0",4
"50c9509d-22c7-4a22-a47d-8c48425ef4a7",214
"6ac3f774-d9fb-4796-b3e9-92bf6c81c084",19
"8a863029-f435-446a-821e-275f4f641165",5
"b68784d8-cb51-495a-8a21-a07cc369d5cd",1
"e5774d90-9f01-42bb-a747-32331be82b18",1
"fe8be2e9-d7ed-4548-b2a4-df375a1afe85",3
"4fa7b334-ce0d-4e88-aaae-2e0c138d049e",4763
"50c9509d-22c7-4a22-a47d-8c48425ef4a7",459
"6ac3f774-d9fb-4796-b3e9-92bf6c81c084",60
"8a863029-f435-446a-821e-275f4f641165",467
"906e6978-e292-4a8b-9c39-adf6bb0f3323",63
"b1047888-ae52-4179-9dd5-5448ea342a24",17
"b84a3711-b4ca-4e4f-adac-80dfaea98d1c",2
"4fa7b334-ce0d-4e88-aaae-2e0c138d049e",1496
"50c9509d-22c7-4a22-a47d-8c48425ef4a7",158
"6ac3f774-d9fb-4796-b3e9-92bf6c81c084",23
"8a863029-f435-446a-821e-275f4f641165",87
"906e6978-e292-4a8b-9c39-adf6bb0f3323",88
"b1047888-ae52-4179-9dd5-5448ea342a24",14
"6ac3f774-d9fb-4796-b3e9-92bf6c81c084",13
"792a2342-1dbb-459b-84cd-e6eb1f9ba6c9",1
"906e6978-e292-4a8b-9c39-adf6bb0f3323",73
"50c9509d-22c7-4a22-a47d-8c48425ef4a7",64
"6ac3f774-d9fb-4796-b3e9-92bf6c81c084",1
"8a863029-f435-446a-821e-275f4f641165",2
"e5774d90-9f01-42bb-a747-32331be82b18",1
"fe8be2e9-d7ed-4548-b2a4-df375a1afe85",6
"35f47748-8f91-4cca-9d2c-573ab66078cc",2
"4fa7b334-ce0d-4e88-aaae-2e0c138d049e",1267
"50c9509d-22c7-4a22-a47d-8c48425ef4a7",169
"6ac3f774-d9fb-4796-b3e9-92bf6c81c084",50
"8a863029-f435-446a-821e-275f4f641165",124
"906e6978-e292-4a8b-9c39-adf6bb0f3323",57
"b1047888-ae52-4179-9dd5-5448ea342a24",7
"50c9509d-22c7-4a22-a47d-8c48425ef4a7",62
"6ac3f774-d9fb-4796-b3e9-92bf6c81c084",3
"8a863029-f435-446a-821e-275f4f641165",2
"4fa7b334-ce0d-4e88-aaae-2e0c138d049e",1389
"50c9509d-22c7-4a22-a47d-8c48425ef4a7",103
"6ac3f774-d9fb-4796-b3e9-92bf6c81c084",7
"8a863029-f435-446a-821e-275f4f641165",50
"906e6978-e292-4a8b-9c39-adf6bb0f3323",89
"b1047888-ae52-4179-9dd5-5448ea342a24",29
"4fa7b334-ce0d-4e88-aaae-2e0c138d049e",939
"50c9509d-22c7-4a22-a47d-8c48425ef4a7",84
"6ac3f774-d9fb-4796-b3e9-92bf6c81c084",2
"8a863029-f435-446a-821e-275f4f641165",9
"906e6978-e292-4a8b-9c39-adf6bb0f3323",91
"b1047888-ae52-4179-9dd5-5448ea342a24",24
"50c9509d-22c7-4a22-a47d-8c48425ef4a7",7
"d303d758-eb02-4d96-9a74-bbed85bf4a73",6
"e5774d90-9f01-42bb-a747-32331be82b18",1
"e5c9ca65-d152-478e-8593-b626a6802629",2
"f1c4df18-12d6-40cb-ab51-5bb0d7f08d6e",5
"fe8be2e9-d7ed-4548-b2a4-df375a1afe85",5
"50c9509d-22c7-4a22-a47d-8c48425ef4a7",3229
"6ac3f774-d9fb-4796-b3e9-92bf6c81c084",119
"4fa7b334-ce0d-4e88-aaae-2e0c138d049e",4004
"50c9509d-22c7-4a22-a47d-8c48425ef4a7",447
"6ac3f774-d9fb-4796-b3e9-92bf6c81c084",21
"8a863029-f435-446a-821e-275f4f641165",212
"906e6978-e292-4a8b-9c39-adf6bb0f3323",88
"b1047888-ae52-4179-9dd5-5448ea342a24",17
"4fa7b334-ce0d-4e88-aaae-2e0c138d049e",3640
"50c9509d-22c7-4a22-a47d-8c48425ef4a7",448
"5ee6244a-a09f-4e5d-9a5f-4fbaada7bac0",1
"6ac3f774-d9fb-4796-b3e9-92bf6c81c084",27
"792a2342-1dbb-459b-84cd-e6eb1f9ba6c9",1
"8a863029-f435-446a-821e-275f4f641165",211
"906e6978-e292-4a8b-9c39-adf6bb0f3323",81
"b1047888-ae52-4179-9dd5-5448ea342a24",64
"4fa7b334-ce0d-4e88-aaae-2e0c138d049e",379
"50c9509d-22c7-4a22-a47d-8c48425ef4a7",23
"6ac3f774-d9fb-4796-b3e9-92bf6c81c084",6
"8a863029-f435-446a-821e-275f4f641165",10
"906e6978-e292-4a8b-9c39-adf6bb0f3323",48
"b1047888-ae52-4179-9dd5-5448ea342a24",3
"4fa7b334-ce0d-4e88-aaae-2e0c138d049e",3912
"50c9509d-22c7-4a22-a47d-8c48425ef4a7",323
"6378806e-388e-4293-b7f4-775548da77b3",1
"6ac3f774-d9fb-4796-b3e9-92bf6c81c084",8
"8a863029-f435-446a-821e-275f4f641165",140
"906e6978-e292-4a8b-9c39-adf6bb0f3323",77
"b1047888-ae52-4179-9dd5-5448ea342a24",28
"4fa7b334-ce0d-4e88-aaae-2e0c138d049e",10376
"50c9509d-22c7-4a22-a47d-8c48425ef4a7",861
"6ac3f774-d9fb-4796-b3e9-92bf6c81c084",85
"8a863029-f435-446a-821e-275f4f641165",3
"b1047888-ae52-4179-9dd5-5448ea342a24",1
"4fa7b334-ce0d-4e88-aaae-2e0c138d049e",1469
"50c9509d-22c7-4a22-a47d-8c48425ef4a7",130
"6ac3f774-d9fb-4796-b3e9-92bf6c81c084",47
"8a863029-f435-446a-821e-275f4f641165",217
"906e6978-e292-4a8b-9c39-adf6bb0f3323",69
"b1047888-ae52-4179-9dd5-5448ea342a24",1
"50c9509d-22c7-4a22-a47d-8c48425ef4a7",166
"6ac3f774-d9fb-4796-b3e9-92bf6c81c084",4
"8a863029-f435-446a-821e-275f4f641165",2
"c1ae1c90-d21e-49d9-b5a8-6605c07c8364",4
"e5774d90-9f01-42bb-a747-32331be82b18",4
"4fa7b334-ce0d-4e88-aaae-2e0c138d049e",3030
"50c9509d-22c7-4a22-a47d-8c48425ef4a7",162
"6ac3f774-d9fb-4796-b3e9-92bf6c81c084",22
"792a2342-1dbb-459b-84cd-e6eb1f9ba6c9",1
"8a863029-f435-446a-821e-275f4f641165",101
"906e6978-e292-4a8b-9c39-adf6bb0f3323",97
"b1047888-ae52-4179-9dd5-5448ea342a24",65
"b84a3711-b4ca-4e4f-adac-80dfaea98d1c",1
"4fa7b334-ce0d-4e88-aaae-2e0c138d049e",2244
"50c9509d-22c7-4a22-a47d-8c48425ef4a7",98
"50c9509d-22c7-4a22-a47d-8c48425ef4a7",132
"6ac3f774-d9fb-4796-b3e9-92bf6c81c084",1
"7a3679ef-5582-4aaa-81f0-8c2545cafc81",1
"8a863029-f435-446a-821e-275f4f641165",1
"e5774d90-9f01-42bb-a747-32331be82b18",4
"4fa7b334-ce0d-4e88-aaae-2e0c138d049e",3520
"50c9509d-22c7-4a22-a47d-8c48425ef4a7",443
"6ac3f774-d9fb-4796-b3e9-92bf6c81c084",21
"8a863029-f435-446a-821e-275f4f641165",254
"906e6978-e292-4a8b-9c39-adf6bb0f3323",54
"b1047888-ae52-4179-9dd5-5448ea342a24",30
"e6c97f6e-e952-11e2-961f-00145eb45e9a",1
"4fa7b334-ce0d-4e88-aaae-2e0c138d049e",3416
"50c9509d-22c7-4a22-a47d-8c48425ef4a7",271
"6ac3f774-d9fb-4796-b3e9-92bf6c81c084",40
"792a2342-1dbb-459b-84cd-e6eb1f9ba6c9",1
"7f6dd0f7-9ed4-49c0-bb71-b2a9c7fed9f1",1
"8a863029-f435-446a-821e-275f4f641165",203
"906e6978-e292-4a8b-9c39-adf6bb0f3323",59
"b1047888-ae52-4179-9dd5-5448ea342a24",29
"e6c97f6e-e952-11e2-961f-00145eb45e9a",1
"4fa7b334-ce0d-4e88-aaae-2e0c138d049e",2753
"50c9509d-22c7-4a22-a47d-8c48425ef4a7",294
"5ee6244a-a09f-4e5d-9a5f-4fbaada7bac0",1
"6ac3f774-d9fb-4796-b3e9-92bf6c81c084",19
"7f6dd0f7-9ed4-49c0-bb71-b2a9c7fed9f1",1
"8a863029-f435-446a-821e-275f4f641165",172
"906e6978-e292-4a8b-9c39-adf6bb0f3323",67
"b1047888-ae52-4179-9dd5-5448ea342a24",29
"50c9509d-22c7-4a22-a47d-8c48425ef4a7",7
"d303d758-eb02-4d96-9a74-bbed85bf4a73",4
"e5774d90-9f01-42bb-a747-32331be82b18",2
"f1c4df18-12d6-40cb-ab51-5bb0d7f08d6e",1
"fe8be2e9-d7ed-4548-b2a4-df375a1afe85",8
